{"avg_reward":0.27265625,"num_ep_correct":205,"train_loss":-0.5029819865337698,"_wandb":{"runtime":2998},"_timestamp":1.7341371993758695e+09,"_runtime":2991.119451639,"_step":1999,"num_hits":1396}