{"_runtime":3815.004680132,"_wandb":{"runtime":3854},"_step":2999,"num_hits":1265,"avg_reward":0.494140625,"num_ep_correct":88,"train_loss":-0.08004405921504253,"_timestamp":1.7341334550348663e+09}