{"avg_reward":0.341015625,"num_ep_correct":135,"_wandb":{"runtime":2111},"train_loss":-0.3029215871335532,"_timestamp":1.734144019770572e+09,"_runtime":2081.627223421,"_step":999,"num_hits":1746}