{"avg_reward":0.3546875,"num_ep_correct":227,"train_loss":-0.5297001047407182,"_timestamp":1.734141068590489e+09,"_runtime":3319.148858532,"_step":1999,"_wandb":{"runtime":3329},"num_hits":1816}