{"_step":2999,"num_hits":1273,"avg_reward":0.497265625,"num_ep_correct":84,"train_loss":-0.03652325697759808,"_timestamp":1.7341284947947922e+09,"_runtime":2873.012205568,"_wandb":{"runtime":2878}}